lang,text
en,"Learning a new language takes time and patience. You need to practice speaking, reading, and listening every day. Over time, you will see great improvement."
en,"The sun was shining brightly this morning. I decided to take a walk in the park. The fresh air and singing birds made me feel relaxed."
en,"Reading is one of the best ways to improve your vocabulary. Try reading books that interest you. This will help you learn faster and enjoy the process."
en,"She wakes up early every day to go jogging. After that, she eats a healthy breakfast and prepares for work. Her routine keeps her energized."
en,"I visited the museum last weekend. There were many interesting paintings and historical artifacts. I learned a lot about ancient cultures."
en,"Technology has made our lives easier. We can now communicate with people all over the world. However, it's important to use it wisely."
en,"He likes to cook on weekends. He tries different recipes and invites his friends over. Cooking has become his favorite hobby."
en,"When I feel stressed, I listen to music. It helps me calm down and focus. Classical music works best for me."
en,"Traveling allows you to experience new places. You meet people from different cultures and try new food. Every trip teaches you something new."
en,"She always carries a notebook. Whenever she hears a new word, she writes it down. This helps her expand her vocabulary."
en,"The weather today is rainy and cold. I stayed indoors and read a book. It was a relaxing afternoon."
en,"Our school is organizing a science fair. Students are preparing interesting experiments. I’m excited to see what everyone creates."
en,"My dog loves playing outside. He runs around the yard chasing balls. Watching him makes me smile."
en,"During the summer, we go to the beach. The sea breeze feels nice, and we swim all day. We also collect seashells."
en,"She studied hard for the exam. She reviewed all her notes and practiced problems. Her effort paid off when she got a high score."
en,"I watched a documentary about space. It explained how planets move and how stars are formed. I found it fascinating."
en,"They went camping in the mountains. At night, they sat around a campfire and told stories. It was a memorable trip."
en,"I love autumn. The trees turn orange and red, and the air is cool. It’s the perfect time for long walks."
en,"Every Saturday, I help my mom clean the house. We vacuum the floors and wash the windows. Then we enjoy tea together."
en,"He practices the piano for an hour every evening. His goal is to play a full song without mistakes. Music is very important to him."
ko,"새로운 언어를 배우는 데는 시간과 인내가 필요합니다. 매일 말하기, 읽기, 듣기 연습을 해야 합니다. 시간이 지나면 큰 발전을 느낄 수 있습니다."
ko,"오늘 아침에는 해가 밝게 빛났어요. 저는 공원에 산책을 나갔어요. 신선한 공기와 새들의 노래가 기분을 좋게 만들었어요."
ko,""독서는 어휘력을 키우는 최고의 방법 중 하나입니다. 관심 있는 책을 읽어보세요. 그렇게 하면 더 빠르게 배우고 즐겁게 공부할 수 있어요."
ko,"그녀는 매일 아침 일찍 일어나 조깅을 합니다. 그 후에 건강한 아침을 먹고 출근 준비를 합니다. 이 루틴은 그녀에게 에너지를 줍니다."
ko,"저는 지난 주말에 박물관을 방문했어요. 많은 흥미로운 그림들과 역사적인 유물들이 있었어요. 고대 문화에 대해 많이 배웠어요."
ko,"기술은 우리의 삶을 더 편리하게 만들었습니다. 이제 전 세계 사람들과 쉽게 소통할 수 있습니다. 하지만 현명하게 사용하는 것이 중요합니다."
ko,"그는 주말마다 요리를 즐깁니다. 다양한 레시피를 시도하고 친구들을 초대합니다. 요리는 그의 가장 좋아하는 취미가 되었습니다."
ko,"스트레스를 받을 때 저는 음악을 듣습니다. 음악은 저를 진정시키고 집중하게 도와줍니다. 클래식 음악이 가장 효과적이에요."
ko,"여행을 하면 새로운 장소를 경험할 수 있습니다. 다른 문화의 사람들을 만나고 새로운 음식을 맛보게 됩니다. 매 여행은 새로운 것을 가르쳐 줍니다."
ko,"그녀는 항상 노트북을 가지고 다닙니다. 새로운 단어를 들으면 바로 적습니다. 이렇게 하면 어휘를 확장하는 데 도움이 됩니다."
ko,"오늘 날씨는 비가 오고 추워요. 저는 집에 머물며 책을 읽었어요. 조용하고 편안한 오후였어요."
ko,"우리 학교에서는 과학 전시회를 준비 중이에요. 학생들은 흥미로운 실험을 준비하고 있어요. 모두의 작품을 보는 것이 기대돼요."
ko,"우리 집 강아지는 밖에서 노는 것을 좋아해요. 공을 쫓으며 마당을 달립니다. 그 모습을 보면 웃음이 나요."
ko,"여름에는 우리는 해변에 갑니다. 바닷바람이 시원하고 하루 종일 수영을 합니다. 조개껍데기를 모으는 것도 재미있어요."
ko,"그녀는 시험을 위해 열심히 공부했어요. 모든 노트를 복습하고 문제를 많이 풀었어요. 그 노력은 높은 점수로 보답받았어요."
ko,"저는 우주에 대한 다큐멘터리를 봤어요. 행성이 어떻게 움직이는지, 별이 어떻게 만들어지는지를 설명했어요. 정말 흥미로웠어요."
ko,"그들은 산으로 캠핑을 갔어요. 밤에는 모닥불 주위에 앉아 이야기를 나눴어요. 잊을 수 없는 여행이었어요."
ko,"저는 가을을 좋아해요. 나무들이 주황색과 빨간색으로 물들고 공기가 선선해요. 긴 산책을 하기 딱 좋은 계절이에요."
ko,"매주 토요일에는 엄마와 함께 집안일을 도와요. 바닥을 청소하고 창문을 닦아요. 그런 다음 함께 차를 마십니다."
ko,"그는 매일 저녁 피아노를 한 시간 연습합니다. 실수 없이 곡 하나를 연주하는 것이 목표입니다. 음악은 그에게 매우 중요해요."
